time/h,<Ewe>/V
0.213902995,3.005892277
0.216680772,3.009061337
0.21945855,3.006755352
0.222236328,3.003105402
0.225014105,3.000931025
0.227791883,2.999797821
0.230569661,2.998682022
0.233347439,2.998266935
0.236125216,2.998078823
0.238902994,2.998122215
0.241680772,2.997929096
0.244458549,2.998582363
0.247236327,2.999176741
0.250014105,2.999929905
0.252791883,2.999889135
0.25556966,2.999952555
0.258347438,3.000384808
0.261125216,3.000810862
0.263902993,3.001599789
0.263903049,3.001127005
0.266680827,3.074783325
0.269458604,3.077323198
0.272236382,3.073190451
0.27501416,3.070644855
0.277791937,3.068539858
0.280569715,3.066429138
0.283347493,3.06609273
0.286125271,3.065886259
0.288903048,3.066133022
0.291680826,3.065706253
0.294458604,3.065607071
0.297236381,3.065803289
0.300014159,3.066345692
0.300014215,3.066346645
0.302791992,3.132071257
0.30556977,3.133398533
0.308347548,3.130943775
0.311125325,3.128776073
0.313903103,3.127471447
0.316680881,3.126207352
0.319458659,3.125490427
0.322236436,3.12334013
0.325014214,3.123446703
0.327791992,3.123426437
0.330569769,3.122674227
0.333347547,3.122467518
0.336125325,3.121581793
0.33612538,3.120358706
0.338903158,3.182263851
0.341680936,3.184865952
0.344458714,3.183450937
0.347236491,3.180663586
0.350014269,3.179546595
0.352792047,3.177193642
0.355569824,3.175850153
0.358347602,3.17565012
0.36112538,3.176271915
0.363903157,3.176499128
0.366680935,3.176480055
0.369458713,3.177217722
0.372236491,3.178105354
0.372236546,3.179473639
0.375014324,3.236478329
0.377792102,3.237001419
0.380569879,3.233273268
0.383347657,3.229917526
0.386125435,3.227745771
0.388903212,3.226796627
0.39168099,3.226206303
0.394458768,3.224759102
0.397236546,3.223513126
0.400014323,3.223243952
0.402792101,3.222986937
0.405569879,3.222844601
0.408347656,3.22455883
0.411125434,3.224994183
0.413903212,3.225592852
0.416680989,3.226713181
0.419458767,3.227264166
0.422236545,3.22668314
0.425014323,3.227016687
0.4277921,3.227895737
0.430569878,3.228384256
0.433347656,3.229362249
0.436125433,3.229762554
0.438903211,3.230704784
0.441680989,3.231293917
0.444458767,3.23046422
0.447236544,3.229837894
0.450014322,3.230066299
0.4527921,3.230800152
0.455569877,3.231147051
0.458347655,3.231941462
0.461125433,3.233283043
0.463903211,3.233464241
0.466680988,3.232840061
0.469458766,3.231463432
0.472236544,3.23164773
0.475014321,3.231373549
0.477792099,3.232147932
0.480569877,3.232180119
0.483347654,3.232307196
0.486125432,3.231711149
0.48890321,3.230952978
0.491680988,3.229710102
0.494458765,3.229773521
0.497236543,3.230303288
0.500014321,3.228738308
0.502792098,3.228732824
0.505569876,3.228911877
0.508347654,3.230046272
0.511125432,3.23118329
0.513903209,3.232103825
0.516680987,3.232954502
0.519458765,3.233997822
0.522236542,3.233317852
0.52501432,3.232887268
0.527792098,3.233214855
0.530569875,3.233403444
0.533347653,3.234827518
0.536125431,3.234734774
0.538903209,3.235463858
0.541680986,3.235820532
0.544458764,3.236408472
0.547236542,3.236071348
0.550014319,3.236009121
0.552792097,3.235821962
0.555569875,3.235990047
0.558347653,3.236859083
0.56112543,3.237748146
0.563903208,3.237868786
0.566680986,3.237686157
0.569458763,3.236945629
0.572236541,3.235431433
0.575014319,3.235521317
0.577792097,3.235940933
0.580569874,3.235847712
0.583347652,3.236112595
0.58612543,3.236722708
0.588903207,3.237310171
0.591680985,3.237669468
0.594458763,3.237241268
0.59723654,3.236242533
0.600014318,3.237396955
0.602792096,3.237909794
0.605569874,3.238024235
0.608347651,3.238373756
0.611125429,3.237956285
0.613903207,3.236913919
0.616680984,3.236303329
0.619458762,3.237163544
0.62223654,3.238351583
0.625014318,3.239140749
0.627792095,3.240117311
0.630569873,3.240331411
0.633347651,3.239664555
0.636125428,3.239646673
0.638903206,3.240305185
0.641680984,3.241040468
0.644458761,3.241839886
0.647236539,3.243471146
0.650014317,3.243800163
0.652792095,3.24458766
0.655569872,3.245313644
0.65834765,3.245522499
0.661125428,3.246090412
0.663903205,3.246010065
0.666680983,3.246499062
0.669458761,3.246918201
0.672236539,3.247987032
0.675014316,3.248849154
0.677792094,3.248062372
0.680569872,3.246651411
0.683347649,3.246710539
0.686125427,3.247424126
0.688903205,3.247865677
0.691680983,3.246974468
0.69445876,3.248160362
0.697236538,3.249028921
0.700014316,3.247498274
0.702792093,3.247424841
0.705569871,3.247723579
0.708347649,3.247919083
0.711125426,3.248103142
0.713903204,3.247071028
0.716680982,3.246836662
0.71945876,3.247713804
0.722236537,3.248748779
0.725014315,3.248219252
0.727792093,3.248960018
0.73056987,3.249182224
0.733347648,3.249306679
0.736125426,3.249000788
0.738903204,3.249229193
0.741680981,3.249897003
0.744458759,3.249818802
0.747236537,3.249443293
0.750014314,3.248705387
0.752792092,3.248356342
0.75556987,3.249498606
0.758347648,3.249543667
0.761125425,3.249319792
0.763903203,3.249461651
0.766680981,3.24956727
0.769458758,3.249023199
0.772236536,3.249735117
0.775014314,3.250424385
0.777792091,3.250475645
0.780569869,3.24986887
0.783347647,3.250594139
0.786125425,3.250659466
0.788903202,3.251269579
0.79168098,3.250784397
0.794458758,3.251107216
0.797236535,3.250837564
0.800014313,3.250437975
0.802792091,3.250416279
0.805569869,3.250767231
0.808347646,3.251040936
0.811125424,3.251452208
0.813903202,3.250067234
0.816680979,3.250005722
0.819458757,3.250246286
0.822236535,3.250437975
0.825014312,3.251049519
0.82779209,3.251129389
0.830569868,3.250291586
0.833347646,3.249736786
0.836125423,3.249665022
0.838903201,3.250027895
0.841680979,3.250221014
0.844458756,3.250506878
0.847236534,3.251026869
0.850014312,3.250781775
0.85279209,3.25039053
0.855569867,3.250895977
0.858347645,3.251773119
0.861125423,3.252278805
0.8639032,3.252665758
0.866680978,3.25312376
0.869458756,3.252819538
0.872236534,3.252881289
0.875014311,3.253163815
0.877792089,3.252157211
0.880569867,3.25162077
0.883347644,3.251306057
0.886125422,3.253049374
0.8889032,3.253726244
0.891680977,3.253865719
0.894458755,3.253405809
0.897236533,3.253418207
0.900014311,3.25245738
0.902792088,3.251418591
0.905569866,3.251305819
0.908347644,3.25177002
0.911125421,3.252294779
0.913903199,3.253057003
0.916680977,3.254067898
0.919458755,3.254590034
0.922236532,3.254261255
0.92501431,3.253767729
0.927792088,3.254743338
0.930569865,3.255042076
0.933347643,3.25393939
0.936125421,3.254088879
0.938903199,3.254151106
0.941680976,3.253864765
0.944458754,3.254060507
0.947236532,3.254058838
0.950014309,3.254233599
0.952792087,3.254292727
0.955569865,3.254096031
0.958347642,3.253544569
0.96112542,3.25406456
0.963903198,3.253776789
0.966680976,3.253014088
0.969458753,3.252558231
0.972236531,3.25293231
0.975014309,3.253735065
0.977792086,3.254423618
0.980569864,3.253439426
0.983347642,3.252833843
0.98612542,3.251415968
0.988903197,3.250464201
0.991680975,3.250049114
0.994458753,3.249350786
0.99723653,3.249486923
1.000014308,3.249674082
1.002792086,3.249571562
1.005569863,3.249893904
1.008347641,3.250495195
1.011125419,3.250703812
1.013903197,3.250736952
1.016680974,3.252189159
1.019458752,3.253260374
1.02223653,3.254479408
1.025014307,3.254906893
1.027792085,3.255664587
1.030569863,3.255914688
1.033347641,3.256641626
1.036125418,3.256331444
1.038903196,3.255620003
1.041680974,3.256383896
1.044458751,3.257309437
1.047236529,3.256080151
1.050014307,3.253795385
1.052792085,3.25342226
1.055569862,3.253270388
1.05834764,3.253320932
1.061125418,3.251989841
1.063903195,3.251394272
1.066680973,3.250863552
1.069458751,3.250853777
1.072236528,3.251576662
1.075014306,3.252108335
1.077792084,3.251819372
1.080569862,3.25156045
1.083347639,3.251657248
1.086125417,3.251997709
1.088903195,3.251584291
1.091680972,3.251480103
1.09445875,3.251304865
1.097236528,3.251097679
1.100014306,3.250309467
1.102792083,3.25041914
1.105569861,3.250983238
1.108347639,3.251413822
1.111125416,3.251678944
1.113903194,3.251122236
1.116680972,3.250635147
1.119458749,3.250729561
1.122236527,3.251892328
1.125014305,3.253331661
1.127792083,3.254741669
1.13056986,3.253327847
1.133347638,3.251806736
1.136125416,3.25196147
1.138903193,3.252168894
1.141680971,3.252355337
1.144458749,3.252590179
1.147236527,3.252608538
1.150014304,3.252710342
1.152792082,3.252168894
1.15556986,3.252617836
1.158347638,3.253367901
1.161125415,3.254165411
1.163903193,3.2538445
1.166680971,3.252355099
1.169458749,3.252345085
1.172236526,3.252357244
1.175014304,3.252996445
1.177792082,3.252709866
1.18056986,3.251942873
1.183347637,3.251561403
1.186125415,3.251312256
1.188903193,3.250974894
1.191680971,3.250557184
1.194458748,3.251579285
1.197236526,3.25239706
1.200014304,3.252682209
1.202792082,3.252522707
1.205569859,3.252866268
1.208347637,3.25322485
1.211125415,3.252608538
1.213903193,3.252570391
1.21668097,3.252989531
1.219458748,3.254015207
1.222236526,3.253798246
1.225014304,3.253207684
1.227792081,3.252804518
1.230569859,3.252802849
1.233347637,3.252912998
1.236125415,3.253145933
1.238903192,3.253511906
1.24168097,3.253200054
1.244458748,3.25285387
1.247236525,3.253507614
1.250014303,3.253317833
1.252792081,3.253932714
1.255569859,3.25406909
1.258347636,3.253690958
1.261125414,3.253936291
1.263903192,3.253829241
1.26668097,3.253522396
1.269458747,3.253647566
1.272236525,3.253374815
1.275014303,3.253302336
1.277792081,3.252955437
1.280569858,3.252929449
1.283347636,3.254196644
1.286125414,3.254048824
1.288903192,3.253977299
1.291680969,3.254035473
1.294458747,3.254059076
1.297236525,3.252945423
1.300014303,3.252338171
1.30279208,3.252635956
1.305569858,3.252797604
1.308347636,3.253513813
1.311125414,3.252877712
1.313903191,3.25235939
1.316680969,3.252486944
1.319458747,3.252777338
1.322236525,3.252876282
1.325014302,3.253141403
1.32779208,3.254102707
1.330569858,3.254474163
1.333347636,3.253893137
1.336125413,3.253569603
1.338903191,3.254102707
1.341680969,3.253424168
1.344458747,3.252922058
1.347236524,3.253428221
1.350014302,3.253190756
1.35279208,3.252929211
1.355569858,3.252100706
1.358347635,3.250924587
1.361125413,3.25112319
1.363903191,3.252049446
1.366680968,3.252026081
1.369458746,3.252303839
1.372236524,3.252839804
1.375014302,3.253041029
1.377792079,3.252846003
1.380569857,3.252630711
1.383347635,3.252610207
1.386125413,3.253236294
1.38890319,3.25263834
1.391680968,3.252697706
1.394458746,3.253143311
1.397236524,3.253404856
1.400014301,3.253606319
1.402792079,3.253905058
1.405569857,3.253685713
1.408347635,3.25317049
1.411125412,3.252707243
1.41390319,3.252097845
1.416680968,3.251986742
1.419458746,3.252651453
1.422236523,3.25270009
1.425014301,3.253056049
1.427792079,3.253092527
1.430569857,3.252846956
1.433347634,3.252464533
1.436125412,3.252812862
1.43890319,3.253068209
1.441680968,3.253141165
1.444458745,3.253182411
1.447236523,3.253664732
1.450014301,3.253815174
1.452792079,3.253438473
1.455569856,3.252633572
1.458347634,3.252233028
1.461125412,3.25156045
1.46390319,3.252300739
1.466680967,3.25167799
1.469458745,3.251446962
1.472236523,3.251242399
1.475014301,3.250697613
1.477792078,3.249970436
1.480569856,3.251108885
1.483347634,3.251381159
1.486125411,3.251153231
1.488903189,3.252636909
1.491680967,3.253330708
1.494458745,3.252710342
1.497236522,3.252536297
1.5000143,3.251778603
1.502792078,3.252654552
1.505569856,3.252493858
1.508347633,3.252681732
1.511125411,3.252382994
1.513903189,3.25311923
1.516680967,3.253441572
1.519458744,3.253486633
1.522236522,3.252840519
1.5250143,3.252859831
1.527792078,3.253562689
1.530569855,3.254185438
1.533347633,3.254764795
1.536125411,3.25573349
1.538903189,3.255940437
1.541680966,3.255526304
1.544458744,3.254522085
1.547236522,3.25454855
1.5500143,3.253729105
1.552792077,3.25331521
1.555569855,3.252802372
1.558347633,3.252931356
1.561125411,3.252299786
1.563903188,3.252650976
1.566680966,3.251915455
1.569458744,3.251820087
1.572236522,3.251509428
1.575014299,3.250933886
1.577792077,3.249855042
1.580569855,3.249930143
1.583347633,3.250506639
1.58612541,3.251005411
1.588903188,3.250580311
1.591680966,3.251160145
1.594458744,3.251097918
1.597236521,3.248400211
1.600014299,3.246523142
1.602792077,3.244859219
1.605569854,3.242915154
1.608347632,3.242265224
1.61112541,3.24142313
1.613903188,3.241785049
1.616680965,3.242249489
1.619458743,3.241269588
1.622236521,3.242399216
1.625014299,3.243083954
1.627792076,3.242771626
1.630569854,3.242722034
1.633347632,3.242023945
1.63612541,3.241727352
1.638903187,3.241956949
1.641680965,3.242565632
1.644458743,3.243257999
1.647236521,3.244087934
1.650014298,3.243339539
1.652792076,3.243662357
1.655569854,3.243075132
1.658347632,3.243342876
1.661125409,3.243866444
1.663903187,3.243759871
1.666680965,3.243468761
1.669458743,3.243733644
1.67223652,3.24371314
1.675014298,3.244107008
1.677792076,3.243746758
1.680569854,3.244539738
1.683347631,3.24476409
1.686125409,3.244015694
1.688903187,3.243594885
1.691680965,3.244164705
1.694458742,3.2441926
1.69723652,3.244443178
1.700014298,3.244003296
1.702792076,3.243634462
1.705569853,3.24400878
1.708347631,3.243964195
1.711125409,3.243469238
1.713903187,3.24393034
1.716680964,3.243688822
1.719458742,3.243231058
1.72223652,3.242661476
1.725014297,3.243182182
1.727792075,3.243656397
1.730569853,3.243718147
1.733347631,3.243553638
1.736125408,3.244014502
1.738903186,3.243862629
1.741680964,3.244490147
1.744458742,3.243882418
1.747236519,3.244307041
1.750014297,3.244313002
1.752792075,3.244066477
1.755569853,3.243733644
1.75834763,3.244480133
1.761125408,3.244621277
1.763903186,3.244054079
1.766680964,3.2442379
1.769458741,3.244772911
1.772236519,3.245048523
1.775014297,3.244778156
1.777792075,3.244631052
1.780569852,3.244994879
1.78334763,3.245222807
1.786125408,3.244870663
1.788903186,3.244616032
1.791680963,3.245080709
1.794458741,3.245111942
1.797236519,3.244889736
1.800014297,3.244362593
1.802792074,3.24366951
1.805569852,3.24373126
1.80834763,3.244002581
1.811125408,3.243739843
1.813903185,3.243869781
1.816680963,3.24403429
1.819458741,3.24358201
1.822236519,3.243510962
1.825014296,3.244253874
1.827792074,3.244912863
1.830569852,3.244578838
1.83334763,3.244534492
1.836125407,3.245325089
1.838903185,3.24529767
1.841680963,3.245315075
1.84445874,3.244971275
1.847236518,3.245203018
1.850014296,3.245620966
1.852792074,3.245826244
1.855569851,3.245889187
1.858347629,3.245596409
1.861125407,3.245378971
1.863903185,3.245420933
1.866680962,3.245034695
1.86945874,3.245730639
1.872236518,3.245302916
1.875014296,3.244873285
1.877792073,3.243547916
1.880569851,3.244481564
1.883347629,3.244203568
1.886125407,3.243970633
1.888903184,3.243924141
1.891680962,3.243835211
1.89445874,3.244020462
1.897236518,3.244065046
1.900014295,3.243894577
1.902792073,3.243960142
1.905569851,3.243690491
1.908347629,3.24347353
1.911125406,3.243541956
1.913903184,3.243025064
1.916680962,3.24313736
1.91945874,3.243094206
1.922236517,3.242299795
1.925014295,3.242464066
1.927792073,3.242016315
1.930569851,3.242143631
1.933347628,3.241736889
1.936125406,3.24175787
1.938903184,3.241594076
1.941680962,3.241444826
1.944458739,3.241317987
1.947236517,3.241413832
1.950014295,3.24113512
1.952792073,3.240504265
1.95556985,3.240494728
1.958347628,3.239904881
1.961125406,3.239522696
1.963903183,3.239540815
1.966680961,3.239559889
1.969458739,3.239658594
1.972236517,3.239356756
1.975014294,3.239419699
1.977792072,3.23932457
1.98056985,3.239539385
1.983347628,3.239825964
1.986125405,3.240004539
1.988903183,3.23968792
1.991680961,3.239878178
1.994458739,3.23981142
1.997236516,3.239712715
2.000014294,3.23923254
2.002792072,3.239103317
2.00556985,3.239208221
2.008347627,3.239073515
2.011125405,3.238670111
2.013903183,3.23823595
2.016680961,3.238145828
2.019458738,3.237844706
2.022236516,3.237824917
2.025014294,3.238173008
2.027792072,3.237944126
2.030569849,3.23702693
2.033347627,3.237190962
2.036125405,3.237607956
2.038903183,3.237835169
2.04168096,3.23767066
2.044458738,3.237112045
2.047236516,3.237535954
2.050014294,3.237519264
2.052792071,3.237224579
2.055569849,3.236884594
2.058347627,3.236592531
2.061125405,3.236071348
2.063903182,3.235512257
2.06668096,3.235516787
2.069458738,3.235608578
2.072236515,3.234813213
2.075014293,3.235117912
2.077792071,3.234319687
2.080569849,3.233756065
2.083347626,3.233062983
2.086125404,3.232471466
2.088903182,3.232438564
2.09168096,3.232611895
2.094458737,3.232491255
2.097236515,3.231591702
2.100014293,3.231172085
2.102792071,3.231276274
2.105569848,3.231068611
2.108347626,3.23086834
2.111125404,3.231096029
2.113903182,3.231006384
2.116680959,3.230436325
2.119458737,3.22991538
2.122236515,3.229826927
2.125014293,3.230171919
2.12779207,3.230439186
2.130569848,3.229871035
2.133347626,3.229546309
2.136125404,3.229331732
2.138903181,3.229536772
2.141680959,3.229070187
2.144458737,3.228985071
2.147236515,3.229162216
2.150014292,3.228484392
2.15279207,3.227801323
2.155569848,3.227950096
2.158347626,3.228312969
2.161125403,3.228354692
2.163903181,3.228100538
2.166680959,3.22753191
2.169458737,3.227913618
2.172236514,3.227714062
2.175014292,3.227257252
2.17779207,3.22683692
2.180569848,3.226953745
2.183347625,3.226768255
2.186125403,3.226359844
2.188903181,3.226366282
2.191680958,3.226673126
2.194458736,3.22670269
2.197236514,3.226438284
2.200014292,3.226685524
2.202792069,3.226691246
2.205569847,3.226313591
2.208347625,3.226339102
2.211125403,3.226117373
2.21390318,3.226284742
2.216680958,3.226359129
2.219458736,3.225931644
2.222236514,3.226065397
2.225014291,3.225703239
2.227792069,3.225968838
2.230569847,3.225406647
2.233347625,3.225500107
2.236125402,3.225542545
2.23890318,3.225697517
2.241680958,3.225415945
2.244458736,3.225745678
2.247236513,3.225910187
2.250014291,3.226278305
2.252792069,3.226289272
2.255569847,3.226521969
2.258347624,3.2270751
2.261125402,3.227432728
2.26390318,3.227051735
2.266680958,3.227475643
2.269458735,3.22706604
2.272236513,3.227666378
2.275014291,3.227653265
2.277792069,3.228102207
2.280569846,3.228482962
2.283347624,3.228399515
2.286125402,3.227991104
2.28890318,3.228336334
2.291680957,3.228774548
2.294458735,3.228748798
2.297236513,3.228888512
2.300014291,3.229103804
2.302792068,3.229725838
2.305569846,3.229816914
2.308347624,3.229614735
2.311125401,3.230179787
2.313903179,3.230437994
2.316680957,3.230570078
2.319458735,3.230223656
2.322236512,3.230307579
2.32501429,3.230763197
2.327792068,3.231050014
2.330569846,3.230711937
2.333347623,3.231034279
2.336125401,3.231541634
2.338903179,3.231594086
2.341680957,3.231043816
2.344458734,3.231329441
2.347236512,3.231422186
2.35001429,3.232144594
2.352792068,3.232168913
2.355569845,3.232512236
2.358347623,3.232357979
2.361125401,3.23281002
2.363903179,3.232556343
2.366680956,3.23281002
2.369458734,3.233435392
2.372236512,3.23362422
2.37501429,3.233138561
2.377792067,3.233599901
2.380569845,3.233689785
2.383347623,3.233845711
2.386125401,3.233817101
2.388903178,3.233985662
2.391680956,3.234405041
2.394458734,3.234046459
2.397236512,3.233658791
2.400014289,3.233989716
2.402792067,3.23455143
2.405569845,3.234741449
2.408347623,3.234597921
2.4111254,3.234697819
2.413903178,3.234549999
2.416680956,3.234876871
2.419458734,3.235021591
2.422236511,3.235864162
2.425014289,3.236291409
2.427792067,3.236731052
2.430569844,3.236531734
2.433347622,3.236661911
2.4361254,3.236754894
2.438903178,3.236595392
2.441680955,3.236397028
2.444458733,3.236823559
2.447236511,3.237092972
2.450014289,3.237761974
2.452792066,3.237798452
2.455569844,3.238213778
2.458347622,3.238503933
2.4611254,3.238335848
2.463903177,3.238077402
2.466680955,3.238381624
2.469458733,3.238433599
2.472236511,3.238527536
2.475014288,3.238183975
2.477792066,3.238339424
2.480569844,3.238309383
2.483347622,3.237982512
2.486125399,3.237513304
2.488903177,3.237414598
2.491680955,3.23714304
2.494458733,3.23683548
2.49723651,3.236654758
2.500014288,3.236735106
2.502792066,3.237155676
2.505569844,3.237493038
2.508347621,3.237307072
2.511125399,3.237435102
2.513903177,3.237389803
2.516680955,3.237033844
2.519458732,3.236438751
2.52223651,3.236434221
2.525014288,3.23619771
2.527792066,3.236053467
2.530569843,3.235620737
2.533347621,3.236045837
2.536125399,3.235859871
2.538903177,3.236130476
2.541680954,3.235818863
2.544458732,3.236477613
2.54723651,3.236689806
2.550014287,3.236382961
2.552792065,3.236055851
2.555569843,3.235809088
2.558347621,3.235950947
2.561125398,3.235218287
2.563903176,3.235159159
2.566680954,3.235135078
2.569458732,3.235515833
2.572236509,3.235508204
2.575014287,3.235273838
2.577792065,3.235566378
2.580569843,3.235288858
2.58334762,3.23520112
2.586125398,3.235310316
2.588903176,3.235563755
2.591680954,3.23561573
2.594458731,3.235634565
2.597236509,3.235100985
2.600014287,3.235254526
2.602792065,3.235341072
2.605569842,3.235286474
2.60834762,3.234876871
2.611125398,3.234976292
2.613903176,3.234982729
2.616680953,3.234848261
2.619458731,3.234472275
2.622236509,3.234455109
2.625014287,3.234838963
2.627792064,3.235464811
2.630569842,3.235039473
2.63334762,3.2352314
2.636125398,3.235514164
2.638903175,3.235086441
2.641680953,3.235024452
2.644458731,3.235411167
2.647236509,3.235617399
2.650014286,3.235783339
2.652792064,3.235118628
2.655569842,3.235033035
2.65834762,3.235178471
2.661125397,3.234601736
2.663903175,3.234307289
2.666680953,3.234737873
2.66945873,3.234682083
2.672236508,3.234203577
2.675014286,3.234369516
2.677792064,3.234883785
2.680569841,3.234815359
2.683347619,3.235134125
2.686125397,3.235265493
2.688903175,3.235165119
2.691680952,3.234902382
2.69445873,3.23465991
2.697236508,3.234773636
2.700014286,3.235063314
2.702792063,3.234874725
2.705569841,3.234550476
2.708347619,3.233897209
2.711125397,3.233513355
2.713903174,3.233221054
2.716680952,3.233563662
2.71945873,3.233019114
2.722236508,3.23282671
2.725014285,3.233047009
2.727792063,3.232916355
2.730569841,3.232804537
2.733347619,3.233120441
2.736125396,3.233425856
2.738903174,3.23282361
2.741680952,3.232367039
2.74445873,3.232203007
2.747236507,3.232240677
2.750014285,3.232234478
2.752792063,3.231828451
2.755569841,3.232232094
2.758347618,3.232366323
2.761125396,3.232408762
2.763903174,3.231826067
2.766680952,3.231974602
2.769458729,3.232129812
2.772236507,3.231796026
2.775014285,3.231218815
2.777792063,3.231248617
2.78056984,3.231221437
2.783347618,3.230658293
2.786125396,3.230107307
2.788903173,3.230179071
2.791680951,3.230250359
2.794458729,3.230172396
2.797236507,3.229679585
2.800014284,3.230463028
2.802792062,3.230882883
2.80556984,3.230419397
2.808347618,3.229894161
2.811125395,3.230033636
2.813903173,3.229800701
2.816680951,3.229650974
2.819458729,3.229596376
2.822236506,3.230558157
2.825014284,3.230652809
2.827792062,3.230485201
2.83056984,3.229883909
2.833347617,3.229223967
2.836125395,3.229034185
2.838903173,3.229327679
2.841680951,3.228931904
2.844458728,3.229427338
2.847236506,3.229095459
2.850014284,3.228833914
2.852792062,3.228740454
2.855569839,3.229113579
2.858347617,3.229127407
2.861125395,3.22854352
2.863903173,3.228135347
2.86668095,3.22839427
2.869458728,3.228653193
2.872236506,3.228402853
2.875014284,3.227802277
2.877792061,3.228070974
2.880569839,3.228178263
2.883347617,3.227457523
2.886125395,3.226830006
2.888903172,3.226657867
2.89168095,3.226293802
2.894458728,3.225351572
2.897236506,3.225209236
2.900014283,3.225403309
2.902792061,3.22522521
2.905569839,3.226764202
2.908347616,3.225550413
2.911125394,3.225695133
2.913903172,3.225568533
2.91668095,3.22514081
2.919458727,3.226385832
2.922236505,3.22626543
2.925014283,3.226077557
2.927792061,3.225792408
2.930569838,3.225668907
2.933347616,3.226354122
2.936125394,3.226593018
2.938903172,3.226215124
2.941680949,3.224982977
2.944458727,3.224947929
2.947236505,3.224771261
2.950014283,3.223293543
2.95279206,3.222437859
2.955569838,3.223757505
2.958347616,3.22452116
2.961125394,3.223365068
2.963903171,3.223168135
2.966680949,3.222746611
2.969458727,3.222649097
2.972236505,3.222721577
2.975014282,3.22205925
2.97779206,3.220937252
2.980569838,3.220565081
2.983347616,3.220562935
2.986125393,3.21988678
2.988903171,3.219041348
2.991680949,3.22008729
2.994458727,3.219822884
2.997236504,3.221139193
3.000014282,3.220616102
3.00279206,3.219056368
3.005569838,3.218102217
3.008347615,3.218287706
3.011125393,3.217371464
3.013903171,3.218444824
3.016680949,3.218452692
3.019458726,3.218361378
3.022236504,3.220289707
3.025014282,3.220889091
3.027792059,3.220262051
3.030569837,3.221854687
3.033347615,3.22124505
3.036125393,3.220152617
3.03890317,3.220935822
3.041680948,3.220538855
3.044458726,3.219292879
3.047236504,3.220497608
3.050014281,3.221287251
3.052792059,3.220731974
3.055569837,3.221448183
3.058347615,3.221388817
3.061125392,3.220069885
3.06390317,3.218658924
3.066680948,3.218508244
3.069458726,3.219601631
3.072236503,3.219135046
3.075014281,3.218314886
3.077792059,3.218996763
3.080569837,3.218575954
3.083347614,3.216856718
3.086125392,3.215776682
3.08890317,3.215828896
3.091680948,3.216201067
3.094458725,3.215916634
3.097236503,3.214715004
3.100014281,3.215270042
3.102792059,3.215423346
3.105569836,3.214651585
3.108347614,3.214221478
3.111125392,3.216092587
3.11390317,3.216750145
3.116680947,3.216229439
3.119458725,3.216154099
3.122236503,3.215668201
3.125014281,3.215069532
3.127792058,3.216137648
3.130569836,3.215050459
3.133347614,3.214450359
3.136125392,3.213875055
3.138903169,3.212986469
3.141680947,3.212817907
3.144458725,3.213378668
3.147236502,3.214876413
3.15001428,3.213497639
3.152792058,3.212988853
3.155569836,3.213243246
3.158347613,3.211859703
3.161125391,3.213316441
3.163903169,3.211487055
3.166680947,3.213486671
3.169458724,3.21588397
3.172236502,3.215264559
3.17501428,3.215216637
3.177792058,3.215119123
3.180569835,3.214038849
3.183347613,3.212591887
3.186125391,3.212948799
3.188903169,3.214298248
3.191680946,3.211935997
3.194458724,3.211209536
3.197236502,3.211371422
3.20001428,3.210972309
3.202792057,3.210495949
3.205569835,3.21064949
3.208347613,3.211246014
3.211125391,3.215436697
3.213903168,3.217730045
3.216680946,3.216525793
3.219458724,3.216090202
3.222236502,3.216071367
3.225014279,3.21629858
3.227792057,3.215067863
3.230569835,3.213909149
3.233347613,3.21386385
3.23612539,3.213898659
3.238903168,3.2133255
3.241680946,3.213955641
3.244458724,3.215127945
3.247236501,3.21560955
3.250014279,3.21417284
3.252792057,3.213831902
3.255569835,3.212983608
3.258347612,3.212511778
3.26112539,3.213167667
3.263903168,3.211079836
3.266680945,3.210810423
3.269458723,3.211614847
3.272236501,3.212104082
3.275014279,3.209640026
3.277792056,3.210427284
3.280569834,3.211509705
3.283347612,3.210534573
3.28612539,3.210557938
3.288903167,3.210599184
3.291680945,3.210169077
3.294458723,3.210683823
3.297236501,3.211392641
3.300014278,3.210407257
3.302792056,3.209402084
3.305569834,3.210173845
3.308347612,3.21105504
3.311125389,3.214771032
3.313903167,3.217654705
3.316680945,3.216265678
3.319458723,3.215198755
3.3222365,3.215815783
3.325014278,3.215700388
3.327792056,3.21559
3.330569834,3.214935541
3.333347611,3.214846373
3.336125389,3.215234756
3.338903167,3.214703798
3.341680945,3.21421504
3.344458722,3.212996721
3.3472365,3.212302923
3.350014278,3.211430311
3.352792056,3.21657753
3.355569833,3.220257044
3.358347611,3.220154285
3.361125389,3.220780849
3.363903167,3.221482515
3.366680944,3.221723795
3.369458722,3.22146678
3.3722365,3.220921993
3.375014278,3.221163273
3.377792055,3.221216917
3.380569833,3.221385002
3.383347611,3.220664501
3.386125388,3.220958471
3.388903166,3.220775127
3.391680944,3.220327854
3.394458722,3.219813585
3.397236499,3.219988346
3.400014277,3.219135523
3.402792055,3.219069242
3.405569833,3.218030453
3.40834761,3.217985392
3.411125388,3.218626976
3.413903166,3.21949172
3.416680944,3.219014406
3.419458721,3.219751596
3.422236499,3.220292568
3.425014277,3.219984293
3.427792055,3.220774174
3.430569832,3.220780849
3.43334761,3.220079422
3.436125388,3.218479395
3.438903166,3.214691877
3.441680943,3.21256876
3.444458721,3.214327812
3.447236499,3.217182636
3.450014277,3.215600491
3.452792054,3.217818022
3.455569832,3.219893217
3.45834761,3.218595982
3.461125388,3.216393948
3.463903165,3.216849804
3.466680943,3.219182253
3.469458721,3.218051434
3.472236499,3.218076468
3.475014276,3.217766762
3.477792054,3.216047525
3.480569832,3.215538502
3.48334761,3.216139555
3.486125387,3.216194153
3.488903165,3.215582609
3.491680943,3.215953588
3.494458721,3.21507597
3.497236498,3.215394497
3.500014276,3.216466904
3.502792054,3.215528011
3.505569831,3.214823008
3.508347609,3.215893269
3.511125387,3.21518445
3.513903165,3.215962887
3.516680942,3.214897394
3.51945872,3.213448763
3.522236498,3.216228962
3.525014276,3.215237379
3.527792053,3.217453003
3.530569831,3.216542721
3.533347609,3.218952894
3.536125387,3.218525171
3.538903164,3.216529369
3.541680942,3.217713356
3.54445872,3.214980364
3.547236498,3.216191769
3.550014275,3.214161396
3.552792053,3.214746475
3.555569831,3.216793776
3.558347609,3.217141151
3.561125386,3.21661067
3.563903164,3.214161873
3.566680942,3.213535786
3.56945872,3.214375734
3.572236497,3.215981007
3.575014275,3.214488029
3.577792053,3.212985992
3.580569831,3.214253187
3.583347608,3.211103439
3.586125386,3.211801052
3.588903164,3.211918354
3.591680942,3.21320796
3.594458719,3.211706638
3.597236497,3.211379528
3.600014275,3.211622715
3.602792053,3.214499712
3.60556983,3.21059227
3.608347608,3.210549116
3.611125386,3.212241411
3.613903164,3.210865974
3.616680941,3.208604813
3.619458719,3.209200621
3.622236497,3.205610037
3.625014274,3.206492662
3.627792052,3.212908506
3.63056983,3.212962627
3.633347608,3.211395025
3.636125385,3.21345973
3.638903163,3.215466976
3.641680941,3.21358633
3.644458719,3.211947918
3.647236496,3.207805395
3.650014274,3.208664179
3.652792052,3.209478855
3.65556983,3.208546877
3.658347607,3.210436344
3.661125385,3.20940733
3.663903163,3.206312418
3.666680941,3.202920437
3.669458718,3.20498538
3.672236496,3.206359148
3.675014274,3.205617666
3.677792052,3.209597826
3.680569829,3.205982924
3.683347607,3.211839437
3.686125385,3.210683823
3.688903163,3.206890106
3.69168094,3.205049515
3.694458718,3.200308561
3.697236496,3.199348211
3.700014274,3.204537392
3.702792051,3.210159779
3.705569829,3.212179422
3.708347607,3.212087393
3.711125385,3.212651014
3.713903162,3.213139772
3.71668094,3.2126863
3.719458718,3.210745811
3.722236496,3.208324909
3.725014273,3.202028275
3.727792051,3.200911999
3.730569829,3.199967861
3.733347606,3.214828491
3.736125384,3.218549728
3.738903162,3.218440056
3.74168094,3.217575073
3.744458717,3.216122389
3.747236495,3.212599277
3.750014273,3.207635641
3.752792051,3.19946003
3.755569828,3.198370695
3.758347606,3.201014519
3.761125384,3.202500105
3.763903162,3.208893299
3.766680939,3.208534241
3.769458717,3.206311703
3.772236495,3.20717001
3.775014273,3.207084417
3.77779205,3.206805229
3.780569828,3.207432032
3.783347606,3.206680536
3.786125384,3.202823162
3.788903161,3.198689699
3.791680939,3.209721565
3.794458717,3.210653782
3.797236495,3.208009481
3.800014272,3.204171658
3.80279205,3.20267272
3.805569828,3.203649521
3.808347606,3.199693203
3.811125383,3.19692564
3.813903161,3.195233583
3.816680939,3.195657015
3.819458717,3.191499472
3.822236494,3.196120501
3.825014272,3.196262836
3.82779205,3.197219849
3.830569828,3.197426081
3.833347605,3.19609189
3.836125383,3.19952178
3.838903161,3.200935125
3.841680939,3.208724737
3.844458716,3.209634781
3.847236494,3.207999468
3.850014272,3.203332663
3.852792049,3.194637537
3.855569827,3.192666769
3.858347605,3.193422079
3.861125383,3.196797848
3.86390316,3.200410366
3.866680938,3.198379993
3.869458716,3.21204257
3.872236494,3.203788519
3.875014271,3.198831081
3.877792049,3.203191757
3.880569827,3.19930172
3.883347605,3.203412294
3.886125382,3.203872681
3.88890316,3.201086044
3.891680938,3.194969416
3.894458716,3.213721752
3.897236493,3.206651926
3.900014271,3.199980736
3.902792049,3.209077358
3.905569827,3.209588766
3.908347604,3.208756924
3.911125382,3.207630634
3.91390316,3.206479788
3.916680938,3.203427553
3.919458715,3.200890541
3.922236493,3.196359158
3.925014271,3.192444086
3.927792049,3.191973925
3.930569826,3.191837549
3.933347604,3.19549036
3.936125382,3.197345972
3.93890316,3.21310544
3.941680937,3.214943886
3.944458715,3.213357687
3.947236493,3.212859154
3.950014271,3.211827278
3.952792048,3.211573124
3.955569826,3.205949068
3.958347604,3.2036376
3.961125382,3.197583437
3.963903159,3.211045027
3.966680937,3.212479115
3.969458715,3.22066021
3.972236492,3.220048189
3.97501427,3.219451666
3.977792048,3.218285322
3.980569826,3.215263605
3.983347603,3.210954905
3.986125381,3.207103252
3.988903159,3.204868317
3.991680937,3.201847553
3.994458714,3.2016294
3.997236492,3.217226028
4.00001427,3.21493578
4.002792048,3.209731102
4.005569825,3.209467411
4.008347603,3.20309639
4.011125381,3.207696676
4.013903159,3.213970661
4.016680936,3.210949898
4.019458714,3.209538937
4.022236492,3.204968452
4.02501427,3.197241306
4.027792047,3.196555853
4.030569825,3.194969416
4.033347603,3.198889732
4.036125381,3.210939169
4.038903158,3.208417892
4.041680936,3.205343008
4.044458714,3.214680672
4.047236492,3.213538647
4.050014269,3.212896347
4.052792047,3.212801695
4.055569825,3.212233543
4.058347603,3.21126771
4.06112538,3.210431576
4.063903158,3.21019125
4.066680936,3.207326889
4.069458714,3.20503068
4.072236491,3.204632998
4.075014269,3.204385519
4.077792047,3.205502272
4.080569825,3.206021786
4.083347602,3.19931531
4.08612538,3.199815989
4.088903158,3.20105052
4.091680935,3.199362993
4.094458713,3.199970722
4.097236491,3.205439806
4.100014269,3.208920717
4.102792046,3.201401949
4.105569824,3.195586443
4.108347602,3.191597223
4.11112538,3.192601442
4.113903157,3.195073843
4.116680935,3.191907644
4.119458713,3.194144249
4.122236491,3.197882414
4.125014268,3.202234268
4.127792046,3.197872639
4.130569824,3.199436426
4.133347602,3.199559212
4.136125379,3.212320089
4.138903157,3.203049421
4.141680935,3.200481653
4.144458713,3.199957848
4.14723649,3.1995399
4.150014268,3.203682899
4.152792046,3.20473671
4.155569824,3.203037262
4.158347601,3.20250082
4.161125379,3.209258795
4.163903157,3.206395149
4.166680935,3.201538801
4.169458712,3.202305794
4.17223649,3.201956987
4.175014268,3.196850061
4.177792046,3.20146513
4.180569823,3.221067667
4.183347601,3.220463037
4.186125379,3.219296455
4.188903157,3.218076468
4.191680934,3.217161894
4.194458712,3.216130495
4.19723649,3.214296341
4.200014268,3.209922552
4.202792045,3.204051733
4.205569823,3.208502293
4.208347601,3.203900337
4.211125378,3.211292505
4.213903156,3.216220379
4.216680934,3.213376999
4.219458712,3.212398529
4.222236489,3.217200041
4.225014267,3.217657566
4.227792045,3.216901064
4.230569823,3.216110706
4.2333476,3.215871334
4.236125378,3.21434164
4.238903156,3.211425781
4.241680934,3.206995726
4.244458711,3.201755047
4.247236489,3.203091383
4.250014267,3.208645344
4.252792045,3.214061022
4.255569822,3.213306665
4.2583476,3.209606886
4.261125378,3.204254866
4.263903156,3.201207638
4.266680933,3.200996399
4.269458711,3.20489502
4.272236489,3.200559855
4.275014267,3.201144218
4.277792044,3.205892086
4.280569822,3.205496788
4.2833476,3.19685173
4.286125378,3.192763567
4.288903155,3.201509476
4.291680933,3.207090855
4.294458711,3.200834513
4.297236489,3.203249693
4.300014266,3.196874142
4.302792044,3.196005344
4.305569822,3.208389759
4.3083476,3.207710505
4.311125377,3.206095457
4.313903155,3.200595856
4.316680933,3.194224596
4.319458711,3.201015711
4.322236488,3.194643974
4.325014266,3.206941605
4.327792044,3.20113802
4.330569821,3.197486877
4.333347599,3.202305317
4.336125377,3.198629379
4.338903155,3.200637341
4.341680932,3.201575518
4.34445871,3.202469587
4.347236488,3.20067668
4.350014266,3.197625637
4.352792043,3.194991589
4.355569821,3.192608356
4.358347599,3.194303036
4.361125377,3.203672409
4.363903154,3.197425842
4.366680932,3.191977978
4.36945871,3.201061964
4.372236488,3.21225071
4.375014265,3.211921453
4.377792043,3.211879492
4.380569821,3.211552858
4.383347599,3.211423159
4.386125376,3.211577415
4.388903154,3.210929871
4.391680932,3.209210396
4.39445871,3.207933903
4.397236487,3.207026243
4.400014265,3.206496954
4.402792043,3.205165386
4.405569821,3.203476429
4.408347598,3.202452898
4.411125376,3.200670004
4.413903154,3.19788599
4.416680932,3.194800138
4.419458709,3.192721605
4.422236487,3.194437981
4.425014265,3.195790768
4.427792043,3.194145203
4.43056982,3.193968773
4.433347598,3.196440697
4.436125376,3.198322058
4.438903154,3.199689388
4.441680931,3.196985006
4.444458709,3.196428299
4.447236487,3.196162224
4.450014264,3.198221684
4.452792042,3.198616266
4.45556982,3.196177244
4.458347598,3.198658943
4.461125375,3.199211597
4.463903153,3.19539094
4.466680931,3.196452379
4.469458709,3.197331667
4.472236486,3.193604708
4.475014264,3.193202972
4.477792042,3.195200682
4.48056982,3.194482088
4.483347597,3.191419125
4.486125375,3.189270735
4.488903153,3.190394163
4.491680931,3.193184376
4.494458708,3.191279411
4.497236486,3.189714193
4.500014264,3.192699432
4.502792042,3.188327312
4.505569819,3.190514088
4.508347597,3.191482544
4.511125375,3.189379692
4.513903153,3.196008205
4.51668093,3.191799879
4.519458708,3.188533545
4.522236486,3.189443588
4.525014264,3.184720755
4.527792041,3.191781282
4.530569819,3.191482067
4.533347597,3.188961029
4.536125375,3.189171076
4.538903152,3.189905405
4.54168093,3.19304347
4.544458708,3.190708637
4.547236486,3.191423655
4.550014263,3.191061974
4.552792041,3.188565731
4.555569819,3.187635422
4.558347597,3.189796448
4.561125374,3.184159756
4.563903152,3.185836315
4.56668093,3.194336653
4.569458707,3.192386389
4.572236485,3.19486165
4.575014263,3.195590019
4.577792041,3.197793245
4.580569818,3.196646929
4.583347596,3.195806742
4.586125374,3.194913864
4.588903152,3.195213556
4.591680929,3.196291924
4.594458707,3.19518733
4.597236485,3.192877531
4.600014263,3.193852186
4.60279204,3.192832947
4.605569818,3.193800449
4.608347596,3.189388752
4.611125374,3.18930459
4.613903151,3.192732573
4.616680929,3.189438343
4.619458707,3.185770035
4.622236485,3.185536146
4.625014262,3.185843468
4.62779204,3.184437513
4.630569818,3.182834864
4.633347596,3.177772522
4.636125373,3.183095217
4.638903151,3.178848505
4.641680929,3.182498455
4.644458707,3.18456912
4.647236484,3.183753014
4.650014262,3.184866905
4.65279204,3.182765484
4.655569818,3.180006027
4.658347595,3.180468798
4.661125373,3.182542086
4.663903151,3.179003
4.666680929,3.177489996
4.669458706,3.177013159
4.672236484,3.177907705
4.675014262,3.177943468
4.67779204,3.176644087
4.680569817,3.181518793
4.683347595,3.182029486
4.686125373,3.178013802
4.68890315,3.18059206
4.691680928,3.181084394
4.694458706,3.185847998
4.697236484,3.183242321
4.700014261,3.191141367
4.702792039,3.203735828
4.705569817,3.204270363
4.708347595,3.204281569
4.711125372,3.204206944
4.71390315,3.203360081
4.716680928,3.20311594
4.719458706,3.203035355
4.722236483,3.203024864
4.725014261,3.202894211
4.727792039,3.203290701
4.730569817,3.203740835
4.733347594,3.202876329
4.736125372,3.201766014
4.73890315,3.20160675
4.741680928,3.201012373
4.744458705,3.200302362
4.747236483,3.19990325
4.750014261,3.19961977
4.752792039,3.199401379
4.755569816,3.199755192
4.758347594,3.198886871
4.761125372,3.199434996
4.76390315,3.198691607
4.766680927,3.198591948
4.769458705,3.196939707
4.772236483,3.195327997
4.775014261,3.19280982
4.777792038,3.190346956
4.780569816,3.187376261
4.783347594,3.186464548
4.786125372,3.188171625
4.788903149,3.191409588
4.791680927,3.194819212
4.794458705,3.192056417
4.797236483,3.190945387
4.80001426,3.194540024
4.802792038,3.195535183
4.805569816,3.197257996
4.808347593,3.196623325
4.811125371,3.193773746
4.813903149,3.191236973
4.816680927,3.194858313
4.819458704,3.194614172
4.822236482,3.195128441
4.82501426,3.192974567
4.827792038,3.19088769
4.830569815,3.192300797
4.833347593,3.194473505
4.836125371,3.190800667
4.838903149,3.192793608
4.841680926,3.187031984
4.844458704,3.19261384
4.847236482,3.192341089
4.85001426,3.193414211
4.852792037,3.194413185
4.855569815,3.194911718
4.858347593,3.191822052
4.861125371,3.189578295
4.863903148,3.189644098
4.866680926,3.184202194
4.869458704,3.190147877
4.872236482,3.186206341
4.875014259,3.187639475
4.877792037,3.194578886
4.880569815,3.194946051
4.883347593,3.196799517
4.88612537,3.199329853
4.888903148,3.197049856
4.891680926,3.19924283
4.894458704,3.199889898
4.897236481,3.197013617
4.900014259,3.19418335
4.902792037,3.198774576
4.905569815,3.197892904
4.908347592,3.194355726
4.91112537,3.193768263
4.913903148,3.197763443
4.916680926,3.198246002
4.919458703,3.194002867
4.922236481,3.191969395
4.925014259,3.185957193
4.927792036,3.191524267
4.930569814,3.197477579
4.933347592,3.197570086
4.93612537,3.194913864
4.938903147,3.192383289
4.941680925,3.185124874
4.944458703,3.185526609
4.947236481,3.19297266
4.950014258,3.198698044
4.952792036,3.198427916
4.955569814,3.199976921
4.958347592,3.199086428
4.961125369,3.199110031
4.963903147,3.198216915
4.966680925,3.195297003
4.969458703,3.189794779
4.97223648,3.190427303
4.975014258,3.198062658
4.977792036,3.197909594
4.980569814,3.196009398
4.983347591,3.193152905
4.986125369,3.191947222
4.988903147,3.189456701
4.991680925,3.186197042
4.994458702,3.193017006
4.99723648,3.192723513
5.000014258,3.193110228
5.002792036,3.195265055
5.005569813,3.196745634
5.008347591,3.195378304
5.011125369,3.195029736
5.013903147,3.192875147
5.016680924,3.1864779
5.019458702,3.180604219
5.02223648,3.435249805
5.025014258,3.455983162
5.027792035,3.391952276
5.030569813,3.351086378
5.033347591,3.316829681
5.036125369,3.28753233
5.038903146,3.261889458
5.041680924,3.239703894
5.044458702,3.221870184
5.047236479,3.206704378
5.050014257,3.195250988
5.052792035,3.186344862
5.055569813,3.179432869
5.05834759,3.173521042
5.061125368,3.169099808
5.063903146,3.165293932
5.066680924,3.161495447
5.069458701,3.156268835
5.072236479,3.152644396
5.075014257,3.149367332
5.077792035,3.14558053
5.080569812,3.141792059
5.08334759,3.142558575
5.086125368,3.138805151
5.088903146,3.133525133
5.091680923,3.132156372
5.094458701,3.13864851
5.097236479,3.146734715
5.100014257,3.158187866
5.102792034,3.168436289
5.105569812,3.18262887
5.10834759,3.195932388
5.111125368,3.208097935
5.113903145,3.213513613
5.116680923,3.202751875
5.119458701,3.198426723
5.122236479,3.202002048
5.125014256,3.209417582
5.127792034,3.207359552
5.130569812,3.188964128
5.13334759,3.169354439
5.136125367,3.153398037
5.138903145,3.136650801
5.141680923,3.12437582
5.144458701,3.120440722
5.147236478,3.136963129
5.150014256,3.158447504
5.152792034,3.173162222
5.155569812,3.156570673
5.158347589,3.177512407
5.161125367,3.176957846
5.163903145,3.175702095
5.166680922,3.17996335
5.1694587,3.172406673
5.172236478,3.172530413
5.175014256,3.16823411
5.177792033,3.167922497
5.180569811,3.172179461
5.183347589,3.298092842
5.186125367,3.266112804
5.188903144,3.232610703
5.191680922,3.207805634
5.1944587,3.187377691
5.197236478,3.171061754
5.200014255,3.1577425
5.202792033,3.145282507
5.205569811,3.135630369
5.208347589,3.128442287
5.211125366,3.120692253
5.213903144,3.113411903
5.216680922,3.109836578
5.2194587,3.105491161
5.222236477,3.106369495
5.225014255,3.106772661
5.227792033,3.115324736
5.230569811,3.128410816
5.233347588,3.113812923
5.236125366,3.102440357
5.238903144,3.095993519
5.241680922,3.091914892
5.244458699,3.088685751
5.247236477,3.089420319
5.250014255,3.124943495
5.252792033,3.174360514
5.25556981,3.241297007
5.258347588,3.186680794
5.261125366,3.235607624
5.263903144,3.211767912
5.266680921,3.181178331
5.269458699,3.158812046
5.272236477,3.140781403
5.275014255,3.126425505
5.277792032,3.115885496
5.28056981,3.086598873
5.283347588,3.117504835
5.286125365,3.229977846
5.288903143,3.264023781
5.291680921,3.223518848
5.294458699,3.195196152
5.297236476,3.17249012
5.300014254,3.153761625
5.302792032,3.138032913
5.30556981,3.125003576
5.308347587,3.11419034
5.311125365,3.105398178
5.313903143,3.099395752
5.316680921,3.093815327
5.319458698,3.087682724
5.322236476,3.081942081
5.325014254,3.076637506
5.327792032,3.074428558
5.330569809,3.070425987
5.333347587,3.068380833
5.336125365,3.06573534
5.338903143,3.064566612
5.34168092,3.063207626
5.344458698,3.061620474
5.347236476,3.061262608
5.350014254,3.06017828
5.352792031,3.059764385
5.355569809,3.059230089
5.358347587,3.058361769
5.361125365,3.058172226
5.363903142,3.058501959
5.36668092,3.057977915
5.369458698,3.056257725
5.372236476,3.056666374
5.375014253,3.056322575
5.377792031,3.055902958
5.380569809,3.055601597
5.383347587,3.055830479
5.386125364,3.057408333
5.388903142,3.056461573
5.39168092,3.068291664
5.394458697,3.149669886
5.397236475,3.149013758
5.400014253,3.131660461
5.402792031,3.129230022
5.405569808,3.246032715
5.408347586,3.229379892
5.411125364,3.197866917
5.413903142,3.173996925
5.416680919,3.154449463
5.419458697,3.137813807
5.422236475,3.123003006
5.425014253,3.110783339
5.42779203,3.101416349
5.430569808,3.093461752
5.433347586,3.086312532
5.436125364,3.080358505
5.438903141,3.075303793
5.441680919,3.070574522
5.444458697,3.064903975
5.447236475,3.060091972
5.450014252,3.056753874
5.45279203,3.053642988
5.455569808,3.050817013
5.458347586,3.048510075
5.461125363,3.046742916
5.463903141,3.045106888
5.466680919,3.042549133
5.469458697,3.040574551
5.472236474,3.03932333
5.475014252,3.038344383
5.47779203,3.03704834
5.480569808,3.035830736
5.483347585,3.035101652
5.486125363,3.034711361
5.488903141,3.03438282
5.491680919,3.033319473
5.494458696,3.033091307
5.497236474,3.033322096
5.500014252,3.033180952
5.50279203,3.033264399
5.505569807,3.03322053
5.508347585,3.033320427
5.511125363,3.032650471
5.51390314,3.032485485
5.516680918,3.03262043
5.519458696,3.032793522
5.522236474,3.032005787
5.525014251,3.032300472
5.527792029,3.032846689
5.530569807,3.032838583
5.533347585,3.032636404
5.536125362,3.03224659
5.53890314,3.031768799
5.541680918,3.031215429
5.544458696,3.030817509
5.547236473,3.030650854
5.550014251,3.030966997
5.552792029,3.031303883
5.555569807,3.030729294
5.558347584,3.030441761
5.561125362,3.030909538
5.56390314,3.031953812
5.566680918,3.031668901
5.569458695,3.032912254
5.572236473,3.033329248
5.575014251,3.033555508
5.577792029,3.033903837
5.580569806,3.037751913
5.583347584,3.044141293
5.586125362,3.046633005
5.58890314,3.150453329
5.591680917,3.161782503
5.594458695,3.162659168
5.597236473,3.163055182
5.600014251,3.162610531
5.602792028,3.162731409
5.605569806,3.162809134
5.608347584,3.162903547
5.611125362,3.163535833
5.613903139,3.163292885
5.616680917,3.161628485
5.619458695,3.15856576
5.622236473,3.152102947
5.62501425,3.130155802
5.627792028,3.137712002
5.630569806,3.24137187
5.633347583,3.213360786
5.636125361,3.178557873
5.638903139,3.155298471
5.641680917,3.13542819
5.644458694,3.116809845
5.647236472,3.101335049
5.65001425,3.088044882
5.652792028,3.078343153
5.655569805,3.087587595
5.658347583,3.092344761
5.661125361,3.084624767
5.663903139,3.065048456
5.666680916,3.055984497
5.669458694,3.047185659
5.672236472,3.038502216
5.67501425,3.033473253
5.677792027,3.035048246
5.680569805,3.068858862
5.683347583,3.091657639
5.686125361,3.118296146
5.688903138,3.144112349
5.691680916,3.144635439
5.694458694,3.149392605
5.697236472,3.141135216
5.700014249,3.139279842
5.702792027,3.152817965
5.705569805,3.249110937
5.708347583,3.201286077
5.71112536,3.171728134
5.713903138,3.150109768
5.716680916,3.131915808
5.719458694,3.115231037
5.722236471,3.099825382
5.725014249,3.086378336
5.727792027,3.074699879
5.730569805,3.063738585
5.733347582,3.056105375
5.73612536,3.097655058
5.738903138,3.130393505
5.741680916,3.145212412
5.744458693,3.152309179
5.747236471,3.154504776
5.750014249,3.154239178
5.752792026,3.151338816
5.755569804,3.150058746
5.758347582,3.149651289
5.76112536,3.150077581
5.763903137,3.148857355
5.766680915,3.148518562
5.769458693,3.148686886
5.772236471,3.149745941
5.775014248,3.150100231
5.777792026,3.150366068
5.780569804,3.150819063
5.783347582,3.151032925
5.786125359,3.15116477
5.788903137,3.150924206
5.791680915,3.15102005
5.794458693,3.152006388
5.79723647,3.15238452
5.800014248,3.152632952
5.802792026,3.154183626
5.805569804,3.155064821
5.808347581,3.156201124
5.811125359,3.155916691
5.813903137,3.156154394
5.816680915,3.158353329
5.819458692,3.15997982
5.82223647,3.15917325
5.825014248,3.15974617
5.827792026,3.160828829
5.830569803,3.160036325
5.833347581,3.159558535
5.836125359,3.160352707
5.838903137,3.16094923
5.841680914,3.161401272
5.844458692,3.161616087
5.84723647,3.162940741
5.850014248,3.163825989
5.852792025,3.164473295
5.855569803,3.166104794
5.858347581,3.170818806
5.861125359,3.171851635
5.863903136,3.169588566
5.866680914,3.170140743
5.869458692,3.171542406
5.872236469,3.172462225
5.875014247,3.174196959
5.877792025,3.177984476
5.880569803,3.188379526
5.88334758,3.19712019
5.886125358,3.194980383
5.888903136,3.194289684
5.891680914,3.197957993
5.894458691,3.202349901
5.897236469,3.209612846
5.900014247,3.208015203
5.902792025,3.182302713
5.905569802,3.168068886
5.90834758,3.172697544
5.911125358,3.173625946
5.913903136,3.173430681
5.916680913,3.174074888
5.919458691,3.174481153
5.922236469,3.174474239
5.925014247,3.175608635
5.927792024,3.176342964
5.930569802,3.17684269
5.93334758,3.177750826
5.936125358,3.178771973
5.938903135,3.178812981
5.941680913,3.17878437
5.944458691,3.178967714
5.947236469,3.179295778
5.950014246,3.179233313
5.952792024,3.179739714
5.955569802,3.180222511
5.95834758,3.181207418
5.961125357,3.184530735
5.963903135,3.185815334
5.966680913,3.185976028
5.969458691,3.185766459
5.972236468,3.185350418
5.975014246,3.184755325
5.977792024,3.180546999
5.980569802,3.179019451
5.983347579,3.179898024
5.986125357,3.180397034
5.988903135,3.180573463
5.991680912,3.180852652
5.99445869,3.181355715
5.997236468,3.181679249
6.000014246,3.181666374
6.002792023,3.181901932
6.005569801,3.182819128
6.008347579,3.183368206
6.011125357,3.182785749
6.013903134,3.1830194
6.016680912,3.183954477
6.01945869,3.183829546
6.022236468,3.183695316
6.025014245,3.184574604
6.027792023,3.184888601
6.030569801,3.184333563
6.033347579,3.184587002
6.036125356,3.185326576
6.038903134,3.18507719
6.041680912,3.186131716
6.04445869,3.187459469
6.047236467,3.18844986
6.050014245,3.189504862
6.052792023,3.190779209
6.055569801,3.190076351
6.058347578,3.193610191
6.061125356,3.208054543
6.063903134,3.214137554
6.066680912,3.210211754
6.069458689,3.214038849
6.072236467,3.219227076
6.075014245,3.175471067
6.077792023,3.154661417
6.0805698,3.175946712
6.083347578,3.208868265
6.086125356,3.222622633
6.088903134,3.218903542
6.091680911,3.207360029
6.094458689,3.204298496
6.097236467,3.204933882
6.100014245,3.204853296
6.102792022,3.204057693
6.1055698,3.202799559
6.108347578,3.201505423
6.111125355,3.200312853
6.113903133,3.19964385
6.116680911,3.1954
6.119458689,3.188560724
6.122236466,3.188218832
6.125014244,3.188884735
6.127792022,3.189409494
6.1305698,3.189427853
6.133347577,3.188211918
6.136125355,3.188004494
6.138903133,3.187804699
6.141680911,3.187786102
6.144458688,3.186701775
6.147236466,3.186961412
6.150014244,3.186687708
6.152792022,3.186947823
6.155569799,3.186850071
6.158347577,3.18668437
6.161125355,3.186611414
6.163903133,3.186831951
6.16668091,3.186209202
6.169458688,3.186018229
6.172236466,3.186629534
6.175014244,3.186275005
6.177792021,3.186057329
6.180569799,3.186697006
6.183347577,3.186897039
6.186125355,3.186632872
6.188903132,3.186107874
6.19168091,3.186368942
6.194458688,3.186611414
6.197236466,3.185941696
6.200014243,3.185741663
6.202792021,3.186597347
6.205569799,3.186915159
6.208347577,3.187045097
6.211125354,3.186761618
6.213903132,3.1868999
6.21668091,3.186920643
6.219458688,3.187280416
6.222236465,3.187333822
6.225014243,3.187409878
6.227792021,3.187567949
6.230569798,3.18808794
6.233347576,3.188248634
6.236125354,3.188532352
6.238903132,3.188572884
6.241680909,3.188950539
6.244458687,3.188637972
6.247236465,3.189178467
6.250014243,3.189752102
6.25279202,3.190013885
6.255569798,3.190096378
6.258347576,3.190546036
6.261125354,3.191233873
6.263903131,3.191482067
6.266680909,3.191284418
6.269458687,3.191572666
6.272236465,3.191539288
6.275014242,3.191710472
6.27779202,3.19167304
6.280569798,3.192104101
6.283347576,3.192811966
6.286125353,3.193028212
6.288903131,3.193249226
6.291680909,3.194090128
6.294458687,3.195147276
6.297236464,3.196105719
6.300014242,3.196887255
6.30279202,3.198861599
6.305569798,3.201455832
6.308347575,3.203310013
6.311125353,3.205224514
6.313903131,3.206859112
6.316680909,3.204326391
6.319458686,3.202086687
6.322236464,3.201631784
6.325014242,3.19854331
6.32779202,3.19861412
6.330569797,3.199925661
6.333347575,3.200617552
6.336125353,3.201154709
6.338903131,3.201886892
6.341680908,3.201432228
6.344458686,3.201306343
6.347236464,3.20236659
6.350014241,3.203126431
6.352792019,3.20334959
6.355569797,3.203091621
6.358347575,3.203903437
6.361125352,3.204142094
6.36390313,3.204256296
6.366680908,3.204690218
6.369458686,3.205632687
6.372236463,3.206261873
6.375014241,3.206170321
6.377792019,3.206652641
6.380569797,3.206989765
6.383347574,3.207866669
6.386125352,3.208299398
6.38890313,3.208555698
6.391680908,3.209158182
6.394458685,3.211447001
6.397236463,3.221895456
6.400014241,3.231743336
6.402792019,3.231023312
6.405569796,3.186545134
6.408347574,3.158373594
6.411125352,3.13980937
6.41390313,3.125427723
6.416680907,3.113366604
6.419458685,3.102239847
6.422236463,3.091941357
6.425014241,3.082756042
6.427792018,3.075008631
6.430569796,3.067316055
6.433347574,3.060417414
6.436125352,3.05535531
6.438903129,3.051357508
6.441680907,3.04771018
6.444458685,3.044552326
6.447236463,3.042508841
6.45001424,3.041186333
6.452792018,3.039554596
6.455569796,3.03828907
6.458347574,3.03764081
6.461125351,3.037398338
6.463903129,3.036429167
6.466680907,3.035382271
6.469458684,3.035471678
6.472236462,3.035058975
6.47501424,3.034478903
6.477792018,3.03391695
6.480569795,3.034283161
6.483347573,3.0351367
6.486125351,3.036233664
6.488903129,3.03744626
6.491680906,3.038690805
6.494458684,3.039353609
6.497236462,3.040098667
6.50001424,3.040595531
6.502792017,3.041287899
6.505569795,3.041766882
6.508347573,3.04155755
6.511125351,3.041716576
6.513903128,3.042143583
6.516680906,3.042647362
6.519458684,3.043052673
6.522236462,3.043129444
6.525014239,3.043144464
6.527792017,3.042519093
6.530569795,3.041609764
6.533347573,3.041312933
6.53612535,3.042123318
6.538903128,3.04216671
6.541680906,3.041913033
6.544458684,3.041548252
6.547236461,3.041447878
6.550014239,3.041733265
6.552792017,3.041244507
6.555569795,3.041086912
6.558347572,3.041184425
6.56112535,3.041252375
6.563903128,3.04146719
6.566680906,3.040881634
6.569458683,3.040966272
6.572236461,3.041215181
6.575014239,3.041309595
6.577792017,3.041395426
6.580569794,3.042083502
6.583347572,3.042547941
6.58612535,3.042848349
6.588903127,3.043323517
6.591680905,3.04399395
6.594458683,3.045091391
6.597236461,3.046779871
6.600014238,3.049137592
6.602792016,3.051957607
6.605569794,3.054603577
6.608347572,3.056622982
6.611125349,3.058131456
6.613903127,3.060468197
6.616680905,3.065171003
6.619458683,3.069664478
6.62223646,3.073350668
6.625014238,3.076797962
6.627792016,3.079447031
6.630569794,3.08172226
6.633347571,3.083846569
6.636125349,3.086513281
6.638903127,3.088923931
6.641680905,3.09096384
6.644458682,3.093028307
6.64723646,3.09525156
6.650014238,3.097349167
6.652792016,3.098679066
6.655569793,3.100373268
6.658347571,3.102416992
6.661125349,3.104104996
6.663903127,3.105364799
6.666680904,3.10693264
6.669458682,3.108946085
6.67223646,3.111251116
6.675014238,3.113637686
6.677792015,3.116730213
6.680569793,3.121450663
6.683347571,3.126122952
6.686125349,3.130065441
6.688903126,3.134579182
6.691680904,3.139715672
6.694458682,3.144796133
6.69723646,3.149349689
6.700014237,3.15506196
6.702792015,3.161300421
6.705569793,3.165883303
6.70834757,3.1689744
6.711125348,3.171318769
6.713903126,3.173522234
6.716680904,3.17470479
6.719458681,3.174739838
6.722236459,3.175855637
6.725014237,3.17509079
6.727792015,3.140860081
6.730569792,3.118963957
6.73334757,3.105079174
6.736125348,3.09384346
6.738903126,3.08410573
6.741680903,3.074788332
6.744458681,3.066460848
6.747236459,3.059787273
6.750014237,3.053740025
6.752792014,3.04862237
6.755569792,3.04531765
6.75834757,3.042861938
6.761125348,3.0409832
6.763903125,3.039370537
6.766680903,3.038315773
6.769458681,3.037867308
6.772236459,3.037257671
6.775014236,3.036224842
6.777792014,3.036118507
6.780569792,3.036234856
6.78334757,3.03614378
6.786125347,3.035341978
6.788903125,3.035029888
6.791680903,3.03508234
6.794458681,3.035358906
6.797236458,3.03456378
6.800014236,3.034562588
6.802792014,3.034727335
6.805569792,3.034707308
6.808347569,3.034146309
6.811125347,3.034000635
6.813903125,3.034020662
6.816680903,3.033887863
6.81945868,3.033296585
6.822236458,3.032847643
6.825014236,3.032824278
6.827792013,3.033231258
6.830569791,3.03290987
6.833347569,3.032747269
6.836125347,3.032659531
6.838903124,3.032544136
6.841680902,3.031323195
6.84445868,3.031034708
6.847236458,3.031157255
6.850014235,3.031700134
6.852792013,3.031373501
6.855569791,3.031540155
6.858347569,3.031847954
6.861125346,3.031784534
6.863903124,3.031410694
6.866680902,3.033143044
6.86945868,3.034790993
6.872236457,3.035255671
6.875014235,3.03524828
6.877792013,3.035312891
6.880569791,3.035543919
6.883347568,3.035619497
6.886125346,3.035588026
6.888903124,3.035657406
6.891680902,3.035796881
6.894458679,3.035960436
6.897236457,3.035733223
6.900014235,3.0362463
6.902792013,3.036793232
6.90556979,3.036893845
6.908347568,3.036918163
6.911125346,3.03691268
6.913903124,3.037341118
6.916680901,3.037262201
6.919458679,3.037022591
6.922236457,3.037289143
6.925014235,3.037657976
6.927792012,3.03782177
6.93056979,3.036994457
6.933347568,3.036507845
6.936125346,3.03683424
6.938903123,3.036914825
6.941680901,3.036688328
6.944458679,3.037030458
6.947236456,3.03736043
6.950014234,3.037291288
6.952792012,3.036763906
6.95556979,3.037288189
6.958347567,3.037825108
6.961125345,3.03826189
6.963903123,3.038137674
6.966680901,3.038305044
6.969458678,3.038645029
6.972236456,3.038770676
6.975014234,3.038407326
6.977792012,3.038266659
6.980569789,3.038646698
6.983347567,3.038886786
6.986125345,3.038538456
6.988903123,3.03896451
6.9916809,3.039173603
6.994458678,3.039187908
6.997236456,3.038953781
7.000014234,3.038989782
7.002792011,3.038760185
7.005569789,3.038906336
7.008347567,3.040762901
7.011125345,3.046850681
7.013903122,3.055685759
7.0166809,3.063880444
7.019458678,3.071384192
7.022236456,3.079119205
7.025014233,3.085860968
7.027792011,3.091622829
7.030569789,3.094763279
7.033347567,3.098245382
7.036125344,3.102894783
7.038903122,3.112318754
7.0416809,3.128918171
7.044458678,3.152608156
7.047236455,3.177261353
7.050014233,3.195633173
7.052792011,3.224665165
7.055569788,3.271608353
7.058347566,3.277531624
7.061125344,3.273519516
7.063903122,3.246199131
7.066680899,3.207981348
7.069458677,3.289106131
7.072236455,3.308627844
7.075014233,3.283562899
7.07779201,3.2682724
7.080569788,3.259362221
7.083347566,3.252929211
7.086125344,3.248015404
7.088903121,3.244317532
7.091680899,3.241931677
7.094458677,3.239114523
7.097236455,3.236583948
7.100014232,3.234925032
7.10279201,3.233331442
7.105569788,3.23242116
7.108347566,3.23180294
7.111125343,3.230750799
7.113903121,3.229597807
7.116680899,3.229204416
7.119458677,3.228760481
7.122236454,3.229274511
7.125014232,3.229427814
7.12779201,3.23177886
7.130569788,3.230684757
7.133347565,3.229199409
7.136125343,3.2286129
7.138903121,3.228653193
7.141680899,3.230451584
7.144458676,3.237777233
7.147236454,3.194336891
7.150014232,3.167006731
7.15279201,3.253242254
7.155569787,3.260943174
7.158347565,3.192096472
7.161125343,3.198318243
7.163903121,3.1921947
7.166680898,3.186325788
7.169458676,3.181532621
7.172236454,3.183941126
7.175014231,3.183590174
7.177792009,3.182373762
7.180569787,3.180142879
7.183347565,3.184356689
7.186125342,3.192228556
7.18890312,3.195664406
7.191680898,3.196969748
7.194458676,3.200944424
7.197236453,3.215022564
7.200014231,3.210488319
7.202792009,3.210744143
7.205569787,3.21071887
7.208347564,3.210952282
7.211125342,3.212405682
7.21390312,3.211501598
7.216680898,3.198078871
7.219458675,3.20068574
7.222236453,3.201992273
7.225014231,3.201720953
7.227792009,3.201360226
7.230569786,3.201622009
7.233347564,3.202347279
7.236125342,3.202987909
7.23890312,3.203145981
7.241680897,3.202146769
7.244458675,3.201844692
7.247236453,3.202795982
7.250014231,3.202920675
7.252792008,3.203276157
7.255569786,3.203764439
7.258347564,3.20390892
7.261125342,3.203859806
7.263903119,3.203588963
7.266680897,3.204668522
7.269458675,3.20515132
7.272236453,3.205014706
7.27501423,3.204656363
7.277792008,3.204730511
7.280569786,3.205484152
7.283347564,3.206562281
7.286125341,3.207949877
7.288903119,3.208212614
7.291680897,3.208358288
7.294458674,3.210886002
7.297236452,3.224526644
7.30001423,3.208053827
7.302792008,3.212165117
7.305569785,3.213406563
7.308347563,3.213612318
7.311125341,3.21335721
7.313903119,3.213729143
7.316680896,3.213913202
7.319458674,3.213128567
7.322236452,3.213767052
7.32501423,3.213659286
7.327792007,3.214734793
7.330569785,3.217161417
7.333347563,3.223334074
7.336125341,3.225712061
7.338903118,3.221460104
7.341680896,3.221179485
7.344458674,3.22194314
7.347236452,3.224085093
7.350014229,3.236466408
7.352792007,3.204285383
7.355569785,3.219741583
7.358347563,3.2237885
7.36112534,3.223272085
7.363903118,3.22205925
7.366680896,3.222104788
7.369458674,3.222982645
7.372236451,3.231393337
7.375014229,3.215562582
7.377792007,3.187063932
7.380569785,3.187311888
7.383347562,3.18187356
7.38612534,3.175940752
7.388903118,3.173533201
7.391680896,3.171781301
7.394458673,3.170372725
7.397236451,3.169319153
7.400014229,3.168624163
7.402792007,3.168678522
7.405569784,3.170139551
7.408347562,3.173708439
7.41112534,3.174137354
7.413903117,3.174930096
7.416680895,3.175541162
7.419458673,3.176251888
7.422236451,3.177708149
7.425014228,3.178423643
7.427792006,3.171133757
7.430569784,3.170036793
7.433347562,3.169250965
7.436125339,3.172548294
7.438903117,3.171688318
7.441680895,3.16500473
7.444458673,3.165356398
7.44723645,3.164804697
7.450014228,3.165183783
7.452792006,3.16642046
7.455569784,3.182278156
7.458347561,3.202988863
7.461125339,3.211436987
7.463903117,3.217302084
7.466680895,3.225278139
7.469458672,3.202079773
7.47223645,3.221556664
7.475014228,3.226477385
7.477792006,3.224741936
7.480569783,3.223572016
7.483347561,3.236586332
7.486125339,3.220482349
7.488903117,3.22986269
7.491680894,3.239341736
7.494458672,3.181325436
7.49723645,3.159554243
7.500014228,3.145843267
7.502792005,3.134574175
7.505569783,3.123572826
7.508347561,3.113644123
7.511125339,3.106361389
7.513903116,3.099523783
7.516680894,3.093199253
7.519458672,3.087973356
7.52223645,3.083682537
7.525014227,3.079927206
7.527792005,3.076615095
7.530569783,3.073672533
7.53334756,3.071582079
7.536125338,3.069413185
7.538903116,3.067566156
7.541680894,3.065986872
7.544458671,3.06450367
7.547236449,3.064005375
7.550014227,3.062554598
7.552792005,3.06103158
7.555569782,3.060279131
7.55834756,3.060056686
7.561125338,3.059851408
7.563903116,3.059239149
7.566680893,3.05940485
7.569458671,3.05939579
7.572236449,3.058478832
7.575014227,3.058404446
7.577792004,3.056903601
7.580569782,3.057312965
7.58334756,3.057167053
7.586125338,3.056530714
7.588903115,3.056352615
7.591680893,3.05634284
7.594458671,3.055879593
7.597236449,3.055388927
7.600014226,3.055563211
7.602792004,3.055900812
7.605569782,3.055734158
7.60834756,3.055117607
7.611125337,3.065144777
7.613903115,3.150679111
7.616680893,3.233771086
7.619458671,3.334423542
7.622236448,3.394756079
7.625014226,3.35679388
7.627792004,3.3139925
7.630569782,3.28087616
7.633347559,3.259972572
7.636125337,3.244360209
7.638903115,3.233044147
7.641680893,3.223070621
7.64445867,3.215540648
7.647236448,3.210268259
7.650014226,3.204159498
7.652792003,3.20037818
7.655569781,3.199324369
7.658347559,3.199337959
7.661125337,3.199687958
7.663903114,3.20110631
7.666680892,3.269063473
7.66945867,3.203853607
7.672236448,3.168085814
7.675014225,3.149685621
7.677792003,3.143481731
7.680569781,3.245241642
7.683347559,3.288756609
7.686125336,3.194049835
7.688903114,3.189433336
7.691680892,3.167342663
7.69445867,3.164220095
7.697236447,3.140855312
7.700014225,3.186923504
7.702792003,3.283829689
7.705569781,3.300418139
7.708347558,3.285932541
7.711125336,3.263643026
7.713903114,3.256438494
7.716680892,3.23975563
7.719458669,3.233098507
7.722236447,3.228091002
7.725014225,3.223542929
7.727792003,3.222323895
7.73056978,3.223877668
7.733347558,3.221934557
7.736125336,3.227024794
7.738903114,3.221182585
7.741680891,3.237902403
7.744458669,3.207692862
7.747236447,3.215959549
7.750014225,3.218799591
7.752792002,3.218738556
7.75556978,3.218188763
7.758347558,3.218264818
7.761125336,3.217954874
7.763903113,3.217844486
7.766680891,3.217716455
7.769458669,3.217686653
7.772236446,3.217932224
7.775014224,3.221957684
7.777792002,3.230916977
7.78056978,3.239832878
7.783347557,3.184963226
7.786125335,3.209192514
7.788903113,3.243073225
7.791680891,3.251715422
7.794458668,3.218820333
7.797236446,3.219088316
7.800014224,3.238279819
7.802792002,3.241041422
7.805569779,3.195446968
7.808347557,3.240557671
7.811125335,3.258673906
7.813903113,3.208773136
7.81668089,3.236070395
7.819458668,3.23929739
7.822236446,3.226567984
7.825014224,3.226537943
7.827792001,3.226358891
7.830569779,3.24939847
7.833347557,3.228148937
7.836125335,3.17628479
7.838903112,3.155724287
7.84168089,3.141848564
7.844458668,3.130168438
7.847236446,3.119439125
7.850014223,3.11056757
7.852792001,3.102802277
7.855569779,3.096695662
7.858347557,3.090547323
7.861125334,3.08532095
7.863903112,3.081984282
7.86668089,3.080250025
7.869458668,3.077281713
7.872236445,3.074318886
7.875014223,3.072649717
7.877792001,3.071245432
7.880569779,3.069737196
7.883347556,3.068468332
7.886125334,3.067291737
7.888903112,3.06663537
7.891680889,3.065689087
7.894458667,3.064274073
7.897236445,3.063759804
7.900014223,3.063439846
7.902792,3.062753439
7.905569778,3.062521458
7.908347556,3.062226057
7.911125334,3.0615201
7.913903111,3.060553312
7.916680889,3.059280396
7.919458667,3.058791161
7.922236445,3.058572531
7.925014222,3.057990074
7.927792,3.057228327
7.930569778,3.057084799
7.933347556,3.056690693
7.936125333,3.056486368
7.938903111,3.055618286
7.941680889,3.055669785
7.944458667,3.055722713
7.947236444,3.055535078
7.950014222,3.055000782
7.952792,3.054861784
7.955569778,3.054488659
7.958347555,3.054098606
7.961125333,3.053344488
7.963903111,3.053220987
7.966680889,3.052994728
7.969458666,3.053369761
7.972236444,3.053086758
7.975014222,3.053123951
7.977792,3.053055763
7.980569777,3.052954912
7.983347555,3.052335978
7.986125333,3.052248478
7.988903111,3.052101612
7.991680888,3.052201033
7.994458666,3.051610708
7.997236444,3.051638603
8.000014222,3.051606655
8.002791999,3.051491976
8.005569777,3.050982952
8.008347555,3.051033497
8.011125332,3.051354885
8.01390311,3.05146575
8.016680888,3.051344395
8.019458666,3.051396608
8.022236443,3.051216364
8.025014221,3.050951719
8.027791999,3.050614595
8.030569777,3.050700188
8.033347554,3.050884247
8.036125332,3.050919771
8.03890311,3.050384998
8.041680888,3.050349712
8.044458665,3.050545692
8.047236443,3.050619602
8.050014221,3.050283909
8.052791999,3.05038929
8.055569776,3.050577879
8.058347554,3.050912857
8.061125332,3.050619125
8.06390311,3.050818443
8.066680887,3.050922394
8.069458665,3.050981283
8.072236443,3.050425053
8.075014221,3.050606966
8.077791998,3.05075407
8.080569776,3.050570726
8.083347554,3.050051689
8.086125332,3.050165415
8.088903109,3.050477982
8.091680887,3.050717831
8.094458665,3.050145149
8.097236443,3.050370693
8.10001422,3.050439596
8.102791998,3.050378323
8.105569776,3.049870491
8.108347554,3.049952269
8.111125331,3.050071001
8.113903109,3.050242662
8.116680887,3.04989171
8.119458665,3.050073147
8.122236442,3.050711393
8.12501422,3.050765514
8.127791998,3.050279856
8.130569775,3.050375462
8.133347553,3.050620794
8.136125331,3.050272226
8.138903109,3.049977541
8.141680886,3.050314188
8.144458664,3.050783634
8.147236442,3.050693274
8.15001422,3.050186634
8.152791997,3.049877405
8.155569775,3.049972057
8.158347553,3.049460649
8.161125331,3.048999071
8.163903108,3.048872948
8.166680886,3.049538851
8.169458664,3.0509727
8.172236442,3.053784132
8.175014219,3.05872798
8.177791997,3.066448927
8.180569775,3.07042408
8.183347553,3.069015026
8.18612533,3.067537308
8.188903108,3.063657284
8.191680886,3.065762281
8.194458664,3.063622952
8.197236441,3.06072855
8.200014219,3.062423229
8.202791997,3.057435513
8.205569775,3.053588867
8.208347552,3.051345825
8.21112533,3.050118446
8.213903108,3.049363852
8.216680886,3.05466795
8.219458663,3.054162502
8.222236441,3.05175662
8.225014219,3.050109863
8.227791997,3.049097061
8.230569774,3.048715353
8.233347552,3.048441887
8.23612533,3.048012972
8.238903108,3.047914505
8.241680885,3.0478127
8.244458663,3.048955202
8.247236441,3.056935072
8.250014218,3.076751471
8.252791996,3.099112988
8.255569774,3.11964345
8.258347552,3.145009518
8.261125329,3.176142693
8.263903107,3.203159809
8.266680885,3.223880053
8.269458663,3.23396945
8.27223644,3.244260073
8.275014218,3.168954849
8.277791996,3.135511637
8.280569774,3.116980791
8.283347551,3.102626085
8.286125329,3.091902733
8.288903107,3.082563639
8.291680885,3.073952198
8.294458662,3.067030668
8.29723644,3.062237978
8.300014218,3.05842948
8.302791996,3.055896997
8.305569773,3.052485943
8.308347551,3.050716162
8.311125329,3.049255371
8.313903107,3.047577381
8.316680884,3.04641819
8.319458662,3.045621395
8.32223644,3.045027971
8.325014218,3.044180393
8.327791995,3.043455124
8.330569773,3.043512344
8.333347551,3.05386734
8.336125329,3.086492062
8.338903106,3.160871267
8.341680884,3.252011061
8.344458662,3.335439682
8.34723644,3.34643364
8.350014217,3.320835829
8.352791995,3.292295218
8.355569773,3.271694183
8.358347551,3.257148027
8.361125328,3.247019768
8.363903106,3.23820138
8.366680884,3.231702089
8.369458661,3.226911783
8.372236439,3.223052025
8.375014217,3.219828606
8.377791995,3.21801281
8.380569772,3.215162516
8.38334755,3.212778807
8.386125328,3.212052345
8.388903106,3.211507559
8.391680883,3.21056509
8.394458661,3.209307671
8.397236439,3.208973885
8.400014217,3.207304239
8.402791994,3.207030058
8.405569772,3.206793785
8.40834755,3.206091881
8.411125328,3.206202507
8.413903105,3.206135035
8.416680883,3.206056118
8.419458661,3.206021309
8.422236439,3.206332684
8.425014216,3.206120729
8.427791994,3.2064538
8.430569772,3.206567526
8.43334755,3.2052145
8.436125327,3.205745935
8.438903105,3.205662966
8.441680883,3.206684113
8.444458661,3.207219839
8.447236438,3.207123041
8.450014216,3.206712008
8.452791994,3.207384586
8.455569772,3.20702076
8.458347549,3.206288815
8.461125327,3.207035065
8.463903105,3.207240343
8.466680883,3.205637932
8.46945866,3.205251455
8.472236438,3.204479694
8.475014216,3.204608202
8.477791994,3.204756021
8.480569771,3.205454588
8.483347549,3.205461264
8.486125327,3.2058599
8.488903104,3.205800533
8.491680882,3.206124067
8.49445866,3.206107855
8.497236438,3.206837654
8.500014215,3.207028627
8.502791993,3.20657444
8.505569771,3.206249475
8.508347549,3.206423759
8.511125326,3.206308603
8.513903104,3.206776142
8.516680882,3.206176043
8.51945866,3.206384182
8.522236437,3.206187248
8.525014215,3.206136465
8.527791993,3.205789804
8.530569771,3.205024481
8.533347548,3.205397844
8.536125326,3.204518795
8.538903104,3.204456329
8.541680882,3.205011606
8.544458659,3.204699516
8.547236437,3.205729485
8.550014215,3.206088781
8.552791993,3.205168962
8.55556977,3.205913782
8.558347548,3.20591116
8.561125326,3.206093788
8.563903104,3.206429482
8.566680881,3.206932545
8.569458659,3.207137346
8.572236437,3.206663132
8.575014215,3.206813812
8.577791992,3.206972599
8.58056977,3.206693888
8.583347548,3.206182718
8.586125326,3.206164598
8.588903103,3.207226038
8.591680881,3.206542253
8.594458659,3.20678544
8.597236436,3.207447052
8.600014214,3.207427979
8.602791992,3.207184076
8.60556977,3.20708704
8.608347547,3.207144737
8.611125325,3.207417727
8.613903103,3.206897259
8.616680881,3.206635714
8.619458658,3.207048655
8.622236436,3.207373619
8.625014214,3.20716691
8.627791992,3.206493855
8.630569769,3.20569849
8.633347547,3.206302404
8.636125325,3.206142664
8.638903103,3.206398487
8.64168088,3.206941366
8.644458658,3.206974745
8.647236436,3.206606388
8.650014214,3.206191778
8.652791991,3.207197189
8.655569769,3.20791769
8.658347547,3.207322359
8.661125325,3.207010746
8.663903102,3.207591057
8.66668088,3.20802021
8.669458658,3.207374811
8.672236436,3.20695734
8.675014213,3.207751274
8.677791991,3.208380461
8.680569769,3.207773209
8.683347547,3.208242893
8.686125324,3.208693981
8.688903102,3.208737373
8.69168088,3.208138466
8.694458658,3.207856655
8.697236435,3.208267927
8.700014213,3.207656384
8.702791991,3.207382917
8.705569769,3.207715988
8.708347546,3.207957983
8.711125324,3.207577944
8.713903102,3.207704782
8.716680879,3.207813263
8.719458657,3.207398891
8.722236435,3.207368612
8.725014213,3.207495689
8.72779199,3.20752573
8.730569768,3.207819223
8.733347546,3.208330393
8.736125324,3.208031416
8.738903101,3.208035946
8.741680879,3.208129883
8.744458657,3.20802927
8.747236435,3.207989454
8.750014212,3.207788944
8.75279199,3.207937002
8.755569768,3.208276749
8.758347546,3.208200693
8.761125323,3.208426476
8.763903101,3.208642244
8.766680879,3.208373308
8.769458657,3.208233833
8.772236434,3.208228588
8.775014212,3.208507299
8.77779199,3.208073854
8.780569768,3.208347082
8.783347545,3.208982229
8.786125323,3.209270477
8.788903101,3.209151983
8.791680879,3.208292007
8.794458656,3.20901227
8.797236434,3.209105968
8.800014212,3.20975852
8.80279199,3.209227562
8.805569767,3.208985329
8.808347545,3.209597349
8.811125323,3.209725618
8.813903101,3.209203959
8.816680878,3.208807945
8.819458656,3.209735155
8.822236434,3.210005045
8.825014212,3.209842682
8.827791989,3.209920406
8.830569767,3.210174799
8.833347545,3.210722923
8.836125322,3.210433245
8.8389031,3.21052599
8.841680878,3.211119175
8.844458656,3.210943222
8.847236433,3.210917234
8.850014211,3.210620165
8.852791989,3.210992336
8.855569767,3.210953951
8.858347544,3.210561752
8.861125322,3.21111846
8.8639031,3.211516619
8.866680878,3.211807966
8.869458655,3.211324453
8.872236433,3.211369276
8.875014211,3.212015152
8.877791989,3.212068796
8.880569766,3.211093664
8.883347544,3.21112442
8.886125322,3.211670399
8.8889031,3.211677313
8.891680877,3.211732864
8.894458655,3.211876631
8.897236433,3.211797237
8.900014211,3.212091684
8.902791988,3.211770773
8.905569766,3.211625814
8.908347544,3.21189785
8.911125322,3.204500675
8.913903099,3.20403266
8.916680877,3.20609951
8.919458655,3.208259106
8.922236433,3.208329916
8.92501421,3.20953083
8.927791988,3.209421158
8.930569766,3.209964514
8.933347544,3.208779573
8.936125321,3.209914446
8.938903099,3.208577394
8.941680877,3.208752394
8.944458655,3.20810914
8.947236432,3.208962917
8.95001421,3.207988262
8.952791988,3.20825386
8.955569765,3.206697941
8.958347543,3.207322598
8.961125321,3.207845449
8.963903099,3.209153175
8.966680876,3.20949173
8.969458654,3.208479881
8.972236432,3.207778215
8.97501421,3.2102561
8.977791987,3.208287239
8.980569765,3.207851887
8.983347543,3.208651781
8.986125321,3.207394838
8.988903098,3.208873272
8.991680876,3.208171129
8.994458654,3.208172083
8.997236432,3.20769906
9.000014209,3.208933592
9.002552987,3.207397461
